0,1,2,3,4,5,6,7,8,9,10,11,12,13,14,15,16,17,18,19,20,21,22,23,24,25,26,27,28,29,30,31,32,33,34,35,36,37,38,39,40,41,42,43,44,45,46,47,48,49,50,51,52,53,54,55,56,57,58,59,60,61,62,63,64,65,66,67
0.0,0.048155833,0.55569724,5.0666618,0.0,0.52060382,229.84654,14.867107,1.7918261,18.799179,0.36294341,0.74138937,0.084037131,145.83399,0.017880864,0.028265273,33.721362,0.064363155,2.4066426,2.7800176,6.2549539,0.66714357,16.248109,17.231285,0.0,1.2821025,1.5452157,64.930885,143.94445,90.349107,0.0,0.11725008,0.69964893,30.407359,0.0011534025,0.0019417476,0.035056161,0.0,0.0,0.0,0.090136281,0.0,0.042358862,0.0026303305,0.0,0.0,0.0,0.0,0.0,0.0011160714,0.030430779,0.0,0.0034953229,0.00033211558,0.19427733,0.0767553,0.039162841,0.10835621,0.0,0.051253038,0.15495041,0.84825909,0.0025396682,0.099169007,0.0,0.0,0.00093632959,0.0015197568
0.034694958,0.0,4.047014,0.0,0.01680784,0.0075063399,0.045608385,0.053466706,15.142256,0.0075176344,1.8529195,0.014569025,20.212231,0.07339402,0.16883794,2.0736123,16.402936,0.85237469,19.714981,0.00124533,1.6972935,117.04575,1.0364405,21.134912,43.405632,29.255247,329.90519,3.1088796,0.23926894,0.39663263,1.0236883,0.0,0.0,3.9394642,0.0014534884,6.9295233,0.27161367,0.0,0.0,0.0,0.0170575,0.0,0.0,0.0,0.0065073409,0.00124533,0.045381788,0.0,0.0,0.23719453,0.14982829,0.026827522,0.26165996,0.0,0.025079536,3.061341,0.69709958,0.0024937656,0.05838348,1.2737885,6.9442176,0.012701923,0.00124533,0.0,0.0,0.0,0.0,0.064991351
0.33234182,1.6091147,0.0,0.0,0.0,0.16887124,19.798108,1.3214506,0.98528993,0.0066340273,0.044336902,0.0015151515,0.00061652281,2.0429022,0.012621861,0.74062147,263.95703,0.014560684,3.7467088,0.0,15.74265,4.8899042,389.79097,1.8761284,0.0,180.1429,361.3944,27.411787,0.41178282,9.7892098,0.0,0.0023650186,0.0011750881,9.6683539,0.0098198555,6.6886629,283.17399,0.0,0.0,0.0,1.4135641,0.037775976,0.0075271668,0.0,0.0070034043,0.00155521,0.0025641026,0.074359583,0.0,0.45492698,64.663037,0.030438576,1.5272099,0.0,0.59996419,6.4887878,60.595146,0.11541576,0.0,14.7408,368.20772,0.94690424,0.029222048,0.055391661,0.0,0.0,0.0013227513,0.22254678
6.9936642,0.0,0.0,0.0,0.31833006,13.991538,4.8637519,12.021687,124.10034,187.42503,0.20912778,32.095675,0.074542004,19.418185,4.9775203,0.0,0.022463872,0.018716171,0.012632568,476.45169,0.0082010127,0.0029986853,0.0094398768,210.52873,0.0045245542,0.0062563461,0.029963976,133.99751,75.119556,0.017560097,0.0,0.044797277,4.3193555,17.29764,0.10682378,0.0,0.0,4.2058261,0.0,0.050992908,11.317108,0.075125744,49.782014,11.683479,0.054456825,0.61328535,0.027553858,0.06543274,0.00049554014,0.0,0.0,0.0089301425,0.0045154914,11.361026,0.0,0.0021008403,0.014413808,11.535014,0.0,0.0079258148,0.021398997,19.007212,0.12538144,0.14431509,0.0046296296,0.0,0.023563911,0.37555446
0.0,0.028711113,0.0,0.35175743,0.0,9.9699131,0.5122536,1.4466012,8.4404635,0.1101415,1.5350846,5.7541848,0.53290288,0.04412234,149.23188,0.0,0.011764706,0.3299488,0.12409335,0.26259302,0.0,0.19867055,0.0,4.4664302,0.0048780488,0.19234284,0.25699582,0.64541574,3.3508064,0.0043892889,0.0,50.85153,0.0024390244,62.29532,0.0,0.0,0.0,0.028571429,0.0,0.0,0.0,0.0,0.0,0.0,0.0,0.0,0.0,0.0,0.0,0.0,0.0,0.0095238095,0.0,0.0,0.0,0.0,0.0,0.0,0.0,0.0,0.0062716658,0.0,0.0,0.0,0.0,0.0,0.0,0.0
1.3564284,0.015700454,0.024954764,17.756933,12.004125,0.0,234.10676,424.5841,10.302382,1035.3087,12.545303,323.99171,3.8720473,29.459674,129.10112,0.0,0.79176133,1.9490013,0.74555696,64.072818,0.25170363,0.032819857,0.32425683,31.115588,0.029946475,1.057843,0.96571115,133.66106,92.719672,0.73932504,0.0094496321,36.429654,1.2886774,95.779146,0.02172104,0.0,0.0047723443,0.17658483,0.0,0.0,1.7066118,0.0,1.9424779,0.90693703,0.024347027,0.00052110474,0.019253651,0.004403794,0.0,0.0,0.0,0.016851919,0.0046728972,0.43536194,0.0013071895,0.0,0.0055659714,0.59542789,0.0077333393,0.02618411,0.019756508,1.5816113,0.047609105,0.0092687891,0.0,0.0,0.0,0.047114643
241.24076,0.028282296,17.368898,5.8841418,0.24612068,205.89831,0.0,631.31638,34.822871,228.94682,2.7679478,0.65674965,1.0987431,856.28003,5.1177263,0.064750503,39.636918,0.28832563,1.1882744,1.4487192,40.173703,0.36395724,65.356172,121.38654,0.03822958,4.7040004,5.1586086,621.69592,318.42952,156.19429,0.0019934454,1.3361778,25.888198,62.751922,0.48565957,0.0063158536,0.45235527,0.55791823,0.0,0.027254401,6.8662208,0.033331906,2.5601117,1.7486338,0.035200042,0.26843732,0.0062044481,0.039406214,0.013157895,0.028117699,0.043802117,0.0063671076,0.0020341632,0.8119221,0.21213648,0.082530594,0.25691809,12.116433,0.0,0.039995113,1.9069021,21.256476,0.50440579,1.2021491,0.0,0.0,0.081595421,0.56800723
11.425409,0.026695921,0.65090829,7.5006887,2.1748853,300.27927,426.14689,0.0,9.2724754,220.9089,10.263565,126.16562,4.0453799,274.44407,10.125193,0.0019683985,24.002418,0.92229486,1.3263983,47.465075,8.3960642,0.057999394,18.934378,47.474698,0.088695889,2.4342585,3.0998215,112.16215,144.25392,38.858004,0.0079987009,34.03701,0.53579198,86.238985,0.008827379,0.0084256861,0.0432386,0.039827148,0.0,0.0024416004,0.5564075,0.0037609473,0.38021067,0.15295616,0.0051400138,0.033016667,0.0028427698,0.0028653295,0.0,0.0,0.010068503,0.012534338,0.0021938181,0.045698131,0.022574891,0.0047613535,0.0089707892,0.87744508,0.0098489736,0.059981235,0.25174674,2.2169203,0.34446373,0.13117755,0.0022870212,0.0,0.0047042481,0.026787083
0.95889335,13.250695,0.88480648,38.684167,7.5276494,5.3376666,25.885447,8.2446417,0.0,24.169216,0.44041035,14.753945,0.25138918,3.7648977,54.65786,9.922891,3.4957249,0.023141286,1.2624782,20.36909,15.497681,97.436287,4.6233405,409.40023,0.063552641,2.8406087,48.061178,196.43584,16.2556,14.973712,0.006363353,0.059903552,5.283734,6.0195679,0.19336244,0.0014104372,0.017097293,3.5399597,0.0,0.050775427,5.5524131,0.030298009,22.530345,5.7613901,0.051607328,0.13032754,0.0038389962,0.027768137,0.0080915955,2.5528621,0.0077020183,0.017164042,0.0047777952,3.8459609,4.90215,4.2974931,2.5042991,17.861462,0.0017730496,0.0075718909,0.48590345,27.212651,1.6467312,2.0536307,0.0,0.0022596324,0.19160945,0.66270963
40.252686,0.0056048519,0.015890215,188.12155,0.058997187,937.34128,305.87296,327.22551,79.26173,0.0,13.248475,218.61126,5.1829628,244.50891,2.1753503,0.0018832392,0.20232524,1.2353862,0.56911153,401.90758,0.16919336,0.0019455253,0.22211636,60.547191,0.042624794,1.0570238,0.70879064,624.42991,403.0479,0.43282682,0.0095339583,2.1773267,4.5307664,185.62889,0.23382014,0.0020703934,0.0041282265,7.1180122,0.0,0.13442595,27.512878,0.11965284,50.002721,20.712693,0.21270482,0.79399095,0.025808419,0.12070556,0.038835578,0.0046320139,0.0,0.085635766,0.040238816,22.786129,0.010225021,0.0,0.052874053,25.917147,0.0,0.063145925,0.068042812,44.084801,0.53678025,0.31176923,0.0025695121,0.0,0.028634286,1.1694461
0.39910355,4.1926081,0.1139987,0.64330199,0.54747289,20.207132,6.4703077,26.538398,0.80301804,23.841669,0.0,43.225201,475.53028,22.184457,2.4141491,0.0,0.52427949,224.09071,84.459158,14.252197,0.12175198,0.068461891,0.13381108,4.420584,73.77978,168.15406,76.725762,7.6199238,22.651608,0.22199592,7.9467546,4.8454474,0.0014662757,344.04639,0.0,0.22702854,0.015927356,0.028664608,0.0,0.005421819,0.059268376,0.010780617,0.058980482,0.029781567,2.4494516,0.0039274179,16.610466,0.019388105,0.0,0.0,0.0023866348,15.049278,3.497507,0.019066883,0.0,0.062539238,0.0021517005,0.31111155,7.8191372,38.532464,47.923227,0.3826707,0.0099173098,0.013362766,0.40753233,0.0,0.0,0.27332297
2.1782317,0.011253995,0.0025641026,61.319034,6.2115256,318.54714,1.3224903,168.25649,24.631409,148.99846,32.639133,0.0,13.137673,95.913877,334.82975,0.0,0.018178048,4.1459409,1.4030026,695.6169,0.00098135427,0.17854366,0.021294082,21.920116,0.090589972,1.8843007,1.4892041,21.372881,206.6392,0.071224625,0.12125296,4.8599642,0.061259346,183.33487,0.024644704,0.0,0.0,4.2869285,0.0,0.30850706,5.6231205,0.11423882,11.952502,3.797485,0.25946307,1.7527364,0.053901032,0.00083472454,0.0,0.0,0.0,0.022093741,0.016349087,8.3532361,0.0,0.0,0.0016666667,4.4820134,0.024741915,0.035261759,0.053277744,9.0227581,0.11527909,0.19018241,0.008,0.0,0.0021929825,0.26983907
0.045937127,27.364867,0.0037735849,0.10781842,0.72784589,4.6196676,1.5508961,5.5744563,0.23444379,4.3540126,312.02176,10.394926,0.0,4.7760324,1.0724208,0.19943663,0.10305145,60.644487,22.227986,2.8520073,0.029232198,0.93453796,0.22153003,0.99528131,221.01431,115.10618,71.898366,1.5206191,3.9442732,0.041190471,2.9131316,1.2132959,0.0,86.260968,0.0015686275,1.0090665,0.1457012,0.0,0.0,0.0031395844,0.047584354,0.0068642722,0.0060400229,0.0080001468,4.1737405,0.022723713,31.358229,0.012081425,0.006097561,0.34477609,0.055180723,14.466935,2.6365394,0.0050490486,0.47715148,3.7418638,0.44529331,0.073110804,19.879648,29.175206,34.806935,0.1494309,0.0012531328,0.096544481,0.72465216,0.0,0.0,3.1508599
127.06143,0.03773707,1.2118103,17.436495,0.032079832,18.872422,549.54612,251.75601,4.3927932,175.38486,14.581355,76.885785,4.848234,0.0,1.4583134,0.015696742,48.026524,1.7226846,3.5710496,45.521522,14.799838,0.38434176,26.429222,34.601047,0.075551111,4.7993261,4.6035317,127.81687,358.13268,110.73707,0.026281291,44.671429,1.9015637,91.555899,0.0048709984,0.0099816448,0.19788852,0.021304087,0.0,0.0,0.27926097,0.0020732353,0.15303865,0.12592108,0.0014291014,0.0020483648,0.029914988,0.00036114121,0.0,0.0081699176,0.0092530569,0.011246537,0.0046042423,0.06380637,0.31371704,0.038762725,0.017422271,0.76509684,0.012943754,0.099715797,0.211496,2.6060453,0.017300931,0.076603228,0.0,0.0017006803,0.0054323609,0.011020528
0.041408839,0.28929942,0.026785714,5.0827712,180.83142,157.634,7.3785263,11.966278,120.76035,3.7462266,0.75807883,231.19642,0.29740914,1.2849043,0.0,0.0047393365,0.098677886,0.039346848,0.067106806,9.3536092,0.008612387,4.7249888,0.012976196,82.838198,0.0047841739,0.11421533,1.2770947,10.146932,5.2152955,0.085136442,0.0050205691,3.0650873,0.4095585,2.7671712,0.0011876485,0.0,0.0011904762,0.15305953,0.0,0.0,0.072374832,0.0,0.8340435,0.078154736,0.0,0.0026385224,0.0,0.0,0.023255814,0.0,0.0,0.0034602076,0.0,0.013033014,0.0084826762,0.0,0.0,0.090079833,0.0,0.0,0.0023549811,0.15561356,0.0,0.028642248,0.0,0.0,0.0,0.0
0.013548656,1.5826459,1.4198473,0.0,0.0,0.0,0.079325904,0.0028145517,50.908028,0.0037593985,0.0,0.0,0.028790969,0.043914671,0.0020876827,0.0,2.1235212,0.0013513514,0.18183789,0.0,111.84974,97.730114,248.90221,40.086911,0.025649131,0.51291172,116.46099,50.207375,0.33655436,1.9177651,0.0,0.0,0.03125349,2.3868079,0.00077700078,0.0,0.15281293,0.0,0.0,0.0,0.16336184,0.0012515645,0.091515216,0.0,0.019147527,0.0,0.0,0.031929038,0.0,71.999798,0.12995272,0.012195122,0.037646034,0.0,75.760814,65.759761,226.46388,6.5344752,0.0,0.0049416368,26.105386,11.022549,0.24915239,5.5225211,0.0,0.0,0.050295298,1.0460793
11.422974,10.492171,220.67717,0.0081894483,0.0074074074,0.45590916,20.281594,14.101061,2.8809811,0.088944139,0.54049878,0.012097502,0.058179045,35.857119,0.037229198,0.95703217,0.0,0.43880631,75.445571,0.031084382,17.335837,15.090568,66.004824,5.894029,0.082248176,198.39046,718.16732,16.592496,44.487474,73.878198,0.0015128593,0.026884045,1.1351467,51.723993,0.0026619518,4.297801,68.444631,0.0,0.0,0.0023809524,0.061097482,0.0,0.003126777,0.0,0.0021459227,0.0,0.0,0.0087037517,0.0,0.10447089,11.95357,0.0047862141,2.4315713,0.0,0.2022861,1.5472852,2.9260457,0.054199111,0.0012345679,37.575242,87.375155,0.23573474,0.005055036,0.078661537,0.0,0.0,0.0,0.077149327
0.042679876,0.44464904,0.019146198,0.03906977,0.049630302,0.76671252,0.22828165,1.2657729,0.017995476,0.93851064,158.99318,2.0375617,49.652654,1.0286403,0.075138648,0.0068965517,0.36051811,0.0,38.92436,0.45899922,0.00098649532,0.039068765,0.0065366813,0.28143722,5.6924203,117.54847,89.527477,0.41429591,2.4000953,0.039163563,4.0281207,0.41033903,0.00038299502,18.055229,0.0,0.056051784,0.018237781,0.0,0.0,0.0042855149,0.0077928784,0.0023584906,0.00062578223,0.0062258587,0.13770056,0.010249168,1.3146855,0.0034411634,0.0,0.0061552437,0.0086791139,3.2553565,3.3808148,0.0013908206,0.0,0.02531085,0.0011875003,0.019982154,1.4191753,22.029748,27.387313,0.02830007,0.0042276924,0.0055392653,0.033315215,0.0,0.0,0.037433003
0.99071792,16.437206,2.6097999,0.028172785,0.15962473,0.34558642,1.3654624,1.5540955,1.3676575,1.3628535,64.390484,1.1622832,15.129492,2.8200073,0.055626333,0.084825708,98.639206,27.585473,0.0,0.16887457,0.60664932,6.9862849,1.1199286,0.81574092,8.8269364,445.44617,327.61505,0.72822358,6.8383856,3.1243296,1.8412067,0.22508993,0.018002088,42.047694,0.00046860356,3.5775844,2.1322309,0.0,0.0,0.00124533,0.026370294,0.00046019328,0.0,0.0018348624,0.013529172,0.00060496068,0.17304106,0.00735028,0.0,0.03249749,1.4322427,1.1510477,10.944539,0.0017279555,0.020199887,0.67988493,0.16479487,0.0010204082,0.33115033,85.082141,79.110229,0.028060519,0.0,0.016798046,0.0055878327,0.0,0.0,0.56621939
6.0191482,0.0014749263,0.0,396.1648,0.14835188,43.226618,1.0432958,37.619311,52.147093,212.78701,5.7995146,207.01669,1.7321539,36.843043,5.3070842,0.0,0.021442148,0.28372487,0.13026889,0.0,0.0015337423,0.0,0.0039933918,63.717446,0.018486564,0.305948,0.21002675,40.20139,78.114398,0.043496451,0.010726959,1.2116036,1.1267945,28.274279,0.047534566,0.0,0.0014204545,5.2373332,0.0,0.10381476,10.513004,0.1142761,25.691577,12.45992,0.093674192,0.39410098,0.0093122688,0.025143815,0.012203042,0.0,0.0,0.01563283,0.0017793594,7.9831388,0.0075291382,0.0,0.012199001,10.941893,0.0,0.018922149,0.038807503,17.920583,0.10845789,0.40943811,0.0,0.0,0.0060323795,0.30111576
11.419114,1.2723384,30.612941,0.010591605,0.0,0.5654983,65.024018,22.833549,162.24287,0.059689755,0.066432121,0.0027700831,0.076109834,37.604959,0.0038025822,98.79126,30.049332,0.0029755854,1.0736089,0.014285714,0.0,79.943756,926.92337,5.4676109,0.0,3.8233043,25.727687,342.26361,29.264408,406.2914,0.011111111,0.021441847,7.434416,269.38925,0.095236689,0.0044335069,1.0837024,0.0,0.0,0.0022271715,0.1780877,0.003009786,0.71795776,0.0019120459,0.0,0.0,0.0,0.072959366,0.0,35.645279,0.13353654,0.0,0.015321996,0.0,161.76437,57.18294,63.944328,13.669731,0.0,0.021112079,2.6460746,52.767394,1.9464342,19.123681,0.0,0.0,0.45503701,0.23772406
0.27419651,131.06325,6.0009964,0.0025013481,0.18131762,0.03419025,0.2928152,0.47535396,98.356952,0.00048449612,0.033225046,0.19664143,1.3510115,0.50393826,3.0152463,107.53159,22.712599,0.12731962,10.812327,0.0,48.191549,0.0,30.757099,395.31107,0.95988048,16.953219,348.98887,98.439469,2.6843746,8.455594,0.14078238,0.004545861,0.44825498,4.1695505,0.003649635,0.0040160643,1.9878551,0.0,0.0,0.0,0.010937194,0.0,0.0016406891,0.0,0.0,0.0,0.0,0.0,0.0,3.9953662,0.091123314,0.0,0.0024509804,0.0,2.3502938,8.445211,20.773045,0.11828319,0.0,0.034222479,10.058748,0.53317527,0.018766167,0.089880798,0.0,0.0,0.0,0.011118941
11.205143,0.51906641,443.36913,0.014284247,0.0,0.39455016,75.780532,22.482728,18.42297,0.15573084,0.059458762,0.01450385,0.11860032,42.306661,0.0087212208,146.56859,66.152304,0.057335943,1.7164309,0.0046938448,671.50138,31.967531,0.0,12.826127,0.032118011,20.013491,1124.7194,357.35032,23.628824,231.10508,0.0,0.016803731,0.37346581,107.62461,0.022414174,0.050685422,25.687885,0.0,0.0,0.0,0.53743168,0.015993373,0.060533455,0.0,0.020332256,0.0,0.0,0.020683491,0.0,108.06887,2.2900392,0.02423696,0.23257976,0.0,55.459039,64.486881,504.05402,6.7666775,0.0,0.21118395,275.66472,12.278234,0.16589868,3.1918997,0.0,0.0,0.025477287,0.15368705
13.539116,17.144803,2.4238831,122.829,5.078104,31.132444,173.46715,65.982092,607.58884,50.738986,2.2228623,22.450082,1.087587,45.360197,61.735573,45.023371,8.7050928,0.31293262,1.2557363,30.22122,3.3098888,329.91006,13.857732,0.0,0.11330228,2.6319288,119.03699,493.4537,270.55968,47.414062,0.03155897,0.30092412,66.88142,80.791662,1.0270807,0.0008312552,0.377167,3.7997855,0.0,0.27239279,41.913841,0.23986239,34.588593,9.9872186,0.60614513,0.28460595,0.10071718,0.31127972,0.017173412,5.3819359,0.11110975,0.12120015,0.055889491,8.6124899,56.287434,13.14824,9.245077,57.479655,0.010627099,0.13614731,0.75479851,215.1282,3.4223393,17.771974,0.0027651894,0.0,0.65703951,5.5543926
0.0,85.077248,0.0,0.012622679,0.0018416206,0.059921971,0.013150696,0.13553913,0.19631942,0.10655518,69.926117,0.14440055,202.71033,0.14000964,0.01866685,0.14483437,0.30510292,10.067682,14.580898,0.050428696,0.0,2.3855368,0.34903382,1.1491517,0.0,49.696253,118.19082,0.092996769,0.17708062,0.0082881503,3.0563792,0.027037583,0.0,9.732933,0.0016420361,1.4699695,0.10509458,0.0,0.0,0.001572327,0.001572327,0.0033320676,0.0,0.0042135302,1.2435017,0.014968313,7.2445783,0.017300277,0.0016025641,0.038981267,0.093101776,5.2759048,1.2920002,0.0025974026,0.34207665,0.78947098,0.46288702,0.0031446541,6.4714492,11.535813,13.671921,0.026514289,0.0082644628,0.0015898251,0.28818071,0.0,0.0,1.0295739
1.1520295,36.147071,169.35026,0.0078373639,0.11153751,1.2951899,5.6569238,3.3601071,3.6539487,1.5224186,140.10262,1.8957333,153.03937,6.1119586,0.099751844,0.722234,325.76503,178.55945,707.28033,0.46830742,2.7340858,23.074106,19.197213,3.4034967,63.284609,0.0,1370.0016,4.3315696,8.8328729,5.7984251,15.008307,0.42721265,0.012087997,144.73352,0.058119481,15.194733,90.889102,0.002957273,0.0,0.0020236132,0.18905993,0.037773553,0.057447635,0.01075799,0.97728415,0.022861249,6.5693693,0.069499937,0.0,0.19073909,26.689384,12.205963,73.936729,0.15497885,0.089039521,2.8601472,2.5610584,0.025805259,7.4240633,543.19271,557.85946,0.1235478,0.04654147,0.19036714,0.028921468,0.0,0.0,1.1982825
0.75329342,206.35228,288.69084,0.040152489,0.05900225,0.31706295,5.0442915,3.5230745,36.779914,0.42304808,40.793887,0.71994154,57.281446,4.1197554,0.85026496,72.677323,829.58427,86.361894,398.31876,0.28432228,15.687329,206.25751,860.40017,89.719277,47.749184,1037.8267,0.0,46.176062,6.414481,4.4016237,2.6329266,0.22519418,0.046205865,141.91199,0.032792355,32.402053,259.7498,0.0,0.0,0.0077823892,1.5363057,0.033034306,0.015846289,0.03666408,0.39249088,0.0068926631,3.4089228,0.073671099,0.0011098779,26.257047,45.582071,6.5191902,30.117141,0.0051020833,2.306766,36.825966,251.03471,0.91715382,3.0034136,256.13888,788.87602,3.0950601,0.015603644,0.12727137,0.053869567,0.00080906149,0.0,1.0031226
52.222026,1.7848337,23.452206,90.044731,0.65686853,112.51525,503.87296,158.53752,262.0885,450.3823,3.4813525,5.8089591,1.6206049,140.01307,7.4590596,33.201384,24.392692,0.36364188,0.82581226,23.078119,196.2868,70.248525,243.5779,375.17962,0.0072735889,3.3010548,53.6505,0.0,570.73994,709.83491,0.005869679,0.60397873,251.24882,253.43007,1.7335305,0.077952828,0.61892,3.2773439,0.0,0.42785049,29.674145,0.15352672,35.682733,9.691104,0.24657821,0.33096877,0.030573764,0.4354082,0.016399743,11.303006,0.32979494,0.040238407,0.084593923,7.1692267,71.165598,13.032327,5.5701247,128.19512,0.0040650407,0.07037537,1.5013436,298.50499,9.3782664,39.876282,0.0,0.00055126792,1.3137239,3.1461749
161.09602,0.14904328,0.32130518,74.851903,0.68904317,72.847805,396.64593,188.07198,22.403292,293.06653,7.9252627,149.13103,2.7793749,306.95757,11.803445,0.26775129,105.11619,2.3113042,13.770084,109.09299,21.064631,4.0755689,32.258512,234.42354,0.061676963,5.6715259,7.3666343,591.49537,0.0,222.17381,0.035044445,28.783837,159.41341,144.34809,0.052847227,0.021480844,0.28211192,0.16284004,0.0,0.010189803,1.0983854,0.0015847861,1.073297,0.45143904,0.0010178702,0.0065635065,0.017688678,0.0082890404,0.0,0.093126408,0.13647312,0.016701376,0.0054744386,0.088210119,1.7876216,0.6345983,0.051681331,3.4854447,0.012369037,0.33924122,0.37671785,9.2816547,0.057506406,0.74785149,0.0,0.0,0.015579376,0.21249889
89.963529,0.43606916,7.1153756,0.04334712,0.0048766382,0.74770223,147.44465,69.90184,95.86738,0.17312697,0.21138396,0.03794015,0.057453973,214.36436,0.06788411,2.1411675,151.76449,0.10657958,6.840426,0.023141304,336.11105,23.525009,269.87442,49.559053,0.0013886739,3.5131221,6.1704457,830.95262,253.07912,0.0,0.0,0.079474607,56.041727,159.88732,0.19806094,0.33808963,0.34714893,0.004950495,0.0,0.001242236,0.6082118,0.027889204,2.51467,0.012522862,0.0016051364,0.0052631579,0.0,0.10190492,0.0,9.3391156,0.16696854,0.0,0.075302174,0.0082785623,64.721421,9.5432185,6.2835784,27.172177,0.0,0.15811852,0.62900392,82.794543,3.0824806,19.387011,0.0,0.0,0.50964884,0.860086
0.0,2.2529874,0.0,0.0,0.0,0.0053670013,0.003131153,0.0072212485,0.019971563,0.018908172,5.6131827,0.026093348,10.773325,0.012424001,0.001744186,0.0,0.00058139535,5.0247021,1.165763,0.0081652046,0.0017985612,0.10394328,0.0,0.0084514329,1.1603583,12.461917,1.4093262,0.0023255814,0.045225165,0.0,0.0,0.00058139535,0.0,0.21744397,0.0011148272,0.35232605,0.0,0.0,0.0,0.0,0.0,0.0,0.0,0.0,0.013513107,0.0,0.46715746,0.0,0.0,0.1255814,0.0,0.35668812,0.060243327,0.0012300123,0.0,0.0016962226,0.0,0.0,0.26412526,1.0716092,1.9301989,0.0028089888,0.0,0.0,0.0011627907,0.0,0.0,0.0056064073
0.35528319,0.0,0.0034430136,0.069877874,39.81796,26.230349,1.6843697,37.741811,0.22829373,2.4649024,3.8087275,3.9467881,1.2494333,51.606611,2.2841526,0.0,0.15859721,0.7566457,0.47913832,1.3469619,0.012221121,0.0074757759,0.011571803,0.39344282,0.048873239,0.68641759,0.50403085,0.9052391,43.347877,0.20012919,0.0018903592,0.0,0.033759437,53.500047,0.0,0.0,0.0,0.0,0.0,0.0,0.0052463264,0.0,0.0022624434,0.0026109661,0.0,0.0,0.013741172,0.0,0.0,0.0,0.0,0.0022026432,0.0,0.0,0.0,0.0,0.0,0.0054276582,0.0033898305,0.014726505,0.02816757,0.035903142,0.0,0.0,0.0,0.0,0.0,0.0
0.35479925,0.0,0.00034879665,1.7275621,0.0031347962,0.49396719,25.066599,1.0766638,3.2095455,1.3972614,0.0039370079,0.019202398,0.0,3.3807738,0.073391177,0.0265213,0.31343574,0.0041152263,0.036590323,0.51375638,3.1219955,0.41919876,0.29900982,46.677908,0.0,0.0038391844,0.042518555,244.10245,153.88278,24.704929,0.0,0.010830676,0.0,14.459435,0.0048855186,0.0,0.0,0.0045620873,0.0,0.0017824502,0.19612404,0.0,0.17348679,0.014097128,0.0,0.0029480389,0.0022988506,0.012168523,0.0,0.0043216653,0.0,0.0,0.0,0.020150356,0.14225776,0.015107508,0.033999391,0.65587391,0.0,0.0,0.0015952067,1.103232,0.019657366,0.16324583,0.0,0.0,0.001701368,0.0
15.910275,4.39256,26.22765,3.0980842,18.267103,27.668582,21.757296,64.419729,2.3910195,36.730457,160.76151,34.671338,34.518377,51.019046,2.5144395,2.7041195,60.310403,28.28805,68.134316,10.73483,219.96139,4.4622511,146.31354,24.480673,4.0962968,151.55338,241.41884,168.61636,108.31857,69.404029,0.39014551,34.022882,15.624067,0.0,0.0064547223,0.38653272,0.76256025,0.045585827,0.0,0.0042039471,0.28518838,0.0,0.076185012,0.14234042,0.026272372,0.021290799,0.33861211,0.0020520919,0.0,0.02509729,0.22031702,0.2675145,0.29984313,0.31109553,0.24977794,0.2075341,0.32457453,0.9307567,0.10493421,2.8651564,5.3565272,1.2383989,0.015856222,0.29321166,0.0079644809,0.0,0.00050479556,0.002028491
0.0052083333,0.00070921986,0.0098401548,0.25726445,0.0,0.0017694349,0.24458652,0.044948064,0.40810152,0.23663865,0.0,0.027456348,0.0021250515,0.013203701,0.0022573363,0.0022675737,0.0035428707,0.0,0.001447178,0.065881722,0.084671105,0.0056179775,0.0066711583,1.1832769,0.001183432,0.024388684,0.038141023,2.6844626,0.066475039,0.16496594,0.0019646365,0.0,0.016124328,0.051335009,0.0,0.017973444,0.14076961,3.190548,0.0052631579,2.738045,161.85955,71.146794,9.5209692,26.800137,6.0048567,1.2701333,0.50340739,119.60923,0.35856643,0.0042713652,4.8723822,1.1741417,1.4829662,6.8634005,8.5003485,0.56462857,11.284147,24.857287,0.17502005,2.9609198,2.3309249,59.434103,188.43467,162.60306,0.013156979,0.28849753,1.5166313,24.816677
0.0018018018,5.6697123,6.275083,0.0,0.0,0.0,0.005926043,0.0074762977,0.032258065,0.0049019608,0.27121384,0.0,2.2102395,0.007938609,0.0,0.0,5.4807147,0.27461094,4.6941636,0.0,0.008696195,0.00086730269,0.043516365,0.003058104,1.238666,15.442724,45.074083,0.029796341,0.034203412,0.008644526,0.11529176,0.0,0.0,0.37022153,0.018231778,0.0,1.1176507,0.0,0.025252778,0.021999972,0.28574318,0.044935984,20.590458,0.017673846,4.2017344,0.1591536,10.952029,0.10561376,1.9451748,7.2325667,8.0111878,2.7932229,21.645947,0.016886142,0.26852538,179.92173,6.5624769,34.43461,56.886332,30.068055,317.74937,1.630191,0.20888755,0.16290688,0.0181636,0.0,0.045452734,2.5520268
0.026616011,0.21078217,272.18726,0.0,0.0,0.0034928526,1.9149584,0.052424548,0.05733559,0.0045939338,0.016308493,0.0,0.19794558,0.11948346,0.0010384216,0.11375992,79.307874,0.0040809946,2.0700888,0.0017761989,0.67576432,0.28173109,23.291394,0.18881732,0.017792645,62.706411,260.13266,0.78616171,0.25968057,0.33257553,0.0,0.0,0.0,0.44493849,0.30280287,1.7296764,0.0,0.0,0.0020618557,0.026854901,28.364484,0.69497834,0.12427597,0.025090237,0.02733091,0.0044065805,0.0011235955,0.69971788,0.013437108,0.45582262,257.91929,0.032901407,7.1867421,0.0,27.160682,2.3439657,322.31177,3.4970411,0.012117795,103.17312,305.13867,36.265376,0.13720859,0.86382475,0.0,0.0,0.0075606212,1.0699088
0.0,0.0,0.0,6.3027487,0.0012738854,0.29990688,1.0766191,0.1119328,6.0261643,9.3487467,0.019016488,5.1405068,0.0,0.058557385,0.037626351,0.0,0.0,0.0,0.0,6.7562189,0.0,0.0,0.0,4.0816348,0.0,0.002601081,0.0,6.1828039,0.94730532,0.00072674419,0.0,0.0,0.010149842,0.28663391,1.9551126,0.0,0.0,0.0,0.01859809,18.649093,3.4572111,14.674118,96.055547,161.94198,2.0421619,183.90197,0.28227732,7.5583511,17.382581,0.0,0.012352454,0.51960602,0.25240095,490.3228,0.0051763373,0.0042809338,0.028471017,187.90645,0.037136741,0.63473044,0.32782343,87.022281,15.601604,0.31850391,0.0089357126,0.06286393,1.4763851,15.848034
0.0,0.0,0.0,0.0,0.0,0.0,0.0,0.0,0.0,0.0,0.0,0.0,0.0,0.0,0.0,0.0,0.0,0.0,0.0,0.0,0.0,0.0,0.0,0.0,0.0,0.0,0.0,0.0,0.0,0.0,0.0,0.0,0.0,0.0,0.0099009901,0.043718073,0.0078740157,0.029656776,0.0,14.208587,0.087356139,5.9638947,3.0031745,0.0086244862,0.4501827,1.7409043,0.14112866,0.024314766,117.20233,0.0,0.012048193,0.078883637,0.0,0.034512866,0.0,0.19312677,0.0080645161,2.6702039,0.0,0.090533425,0.1143869,0.31546429,3.430675,0.0084033613,0.0,61.290042,0.0,37.832012
0.0,0.0,0.0,0.049378698,0.0,0.0,0.077949798,0.0053139875,0.081842474,0.13541757,0.0011983223,0.020432573,0.0048768146,0.0,0.0,0.0,0.001984127,0.0032473662,0.013888889,0.10332546,0.00066269052,0.0,0.0,0.17030343,0.00066269052,0.0024041093,0.01263061,0.24082119,0.0066156327,0.027027027,0.0,0.0,0.0012551076,0.0073705978,2.4833781,0.02680207,0.0076713001,17.801509,10.187137,0.0,98.618579,442.73774,1.3251715,866.99972,32.009871,204.75621,5.2956328,39.329442,90.052456,0.0,0.46486955,6.5431341,3.3726585,105.34402,0.23280271,0.016759958,0.67054283,16.682282,0.51855544,7.4254902,5.3245699,422.54044,49.374778,1.3640296,0.49776296,92.815133,0.14726062,99.064985
0.024913338,0.003183312,1.2966798,6.6306919,0.0,0.34239803,6.1494698,1.7367572,6.5972449,18.019181,0.0905574,2.0149094,0.063441851,0.43425106,0.02980229,0.065061812,0.56696567,0.011330046,0.042791955,6.3304326,0.066779665,0.0038949214,0.22661255,25.452408,0.00092936803,0.23901247,2.2006908,30.912534,1.9194106,0.65909567,0.0,0.0041420529,1.369568,1.403263,209.86691,0.22645779,22.439869,4.4982809,0.003107085,117.93674,0.0,667.06848,59.693352,177.00384,19.835462,0.71716771,2.2865526,905.11802,1.8709208,0.014615138,92.150263,7.8164821,26.449179,6.9497169,88.648262,1.8657392,286.82671,95.378153,0.5349643,18.934431,16.388384,785.15668,181.3593,541.57753,0.22466286,0.92418863,12.623895,181.70328
0.0,0.0,0.083060079,0.059795336,0.0,0.0,0.036086502,0.00094108994,0.031122998,0.067085038,0.0088759594,0.013648479,0.005230393,0.0026716949,0.0,0.00043898156,0.0,0.0023041475,0.0018181818,0.032119991,0.0045832173,0.0,0.0095075135,0.099865013,0.0022874133,0.021250776,0.031748919,0.29494551,0.0032026734,0.011496972,0.0,0.0,0.0,0.0,43.756857,0.019139505,0.45790997,6.6375783,5.0483573,307.96723,397.18976,0.0,0.37623338,209.17339,30.255317,76.529986,5.1986579,316.99683,36.871601,0.0043897603,6.5768858,5.9498668,2.9866576,31.572008,6.0360241,0.16778886,12.033887,10.881148,0.48865644,7.0053787,5.17531,148.79356,62.789318,34.043433,0.35148804,30.68742,0.11928681,142.03456
0.017079578,0.0,0.010951483,5.2699398,0.0,0.20980527,2.9078573,0.3409255,19.154988,6.9003274,0.023917893,1.1817905,0.0018504337,0.12969826,0.030408719,0.082601664,0.0023125976,0.0011848341,0.0,3.6948107,0.58300137,0.0013482424,0.5997127,17.177267,0.0,0.018445986,0.022972619,28.504812,1.4191294,1.3513015,0.0,0.00019700552,0.13637784,0.4492934,4.9315432,18.339101,0.1689052,21.392614,1.3850226,0.55335904,15.389521,0.3784359,0.0,19.315411,0.23844557,6.8807722,0.045275252,2.2051654,101.48789,7.0014054,3.4914057,0.042755566,3.1591759,13.303,2.9889997,71.905819,0.62897494,270.13639,0.17555526,2.4790458,53.449232,137.98418,18.530776,14.978836,0.00077579519,0.010379181,2.8996857,6.8978355
0.013483926,0.0,0.0,16.34582,0.0,0.34579118,3.0363158,0.20393383,10.98531,25.813442,0.0088606953,3.4030369,0.055347273,0.31146252,0.049031893,0.0,0.0,0.0067079435,0.0038461538,16.832075,0.002004008,0.0,0.0,15.862028,0.002197641,0.012569783,0.028724833,19.810735,0.5539636,0.011953524,0.0,0.0028735632,0.0279868,0.87630832,29.925779,0.027114795,0.011470416,195.78978,0.00141394,1044.811,161.30622,336.46713,89.818648,0.0,60.778796,183.91744,8.1533367,113.5475,3.5807,0.0046082949,0.097043145,17.566878,7.5976365,496.93907,0.15295487,0.019073144,0.31723015,50.123394,1.2797219,22.431603,13.321611,496.55779,264.34353,2.2078814,0.76964721,1.5293489,7.9729542,207.02593
0.0,0.011012466,0.023544493,0.0834621,0.0,0.011266796,0.044418825,0.026146344,0.059232097,0.15521516,1.9536071,0.06912412,4.7493197,0.0052796219,0.0,0.0088372584,0.0043290043,0.71912623,0.021317273,0.08625454,0.0,0.0,0.010273781,0.40143887,1.2666714,1.0522015,1.1351804,0.32140198,0.0014112661,0.0037453184,0.025548882,0.0,0.0,0.043344574,3.3185387,5.952485,0.060627726,1.5497711,0.044127667,27.595783,17.250158,31.163584,0.33084138,37.053931,0.23125,59.492047,368.47807,45.200081,4.4504529,0.008614975,4.9284597,276.3066,51.375794,22.497863,0.86213163,0.33250031,2.784925,4.7080083,24.908956,285.11058,18.959604,17.046625,24.545928,4.0256407,16.824736,5.868771,0.061433508,273.37838
0.0,0.0014705882,0.0039840637,0.6414733,0.0,0.0065359477,0.13944263,0.012073921,0.30326282,0.92523625,0.0025366119,0.63949884,0.019992815,0.047409482,0.0046511628,0.0,0.0,0.013058164,0.00061614295,0.78519983,0.0,0.0,0.0,0.4445845,0.006557465,0.072961383,0.0097384337,0.62184629,0.043794573,0.0062111801,0.0,0.0,0.03689912,0.040490574,2.2940988,0.095648428,0.0045850074,172.32322,0.42391484,367.37689,0.73047841,95.299582,5.5215558,170.99615,84.177915,0.0068341465,10.096154,30.786634,123.12956,0.0,0.21440297,23.864243,12.343068,656.63886,0.019031652,0.28087026,0.030201631,75.249905,1.6193657,27.114661,19.216304,34.417518,85.017676,0.18390881,0.92828142,3.3176071,0.8691621,165.5822
0.0,0.058348904,0.0038022814,0.010784278,0.0,0.13310731,0.016348873,0.014824347,0.002737139,0.047611459,10.570676,0.040246263,29.574311,0.030918991,0.0,0.0,0.0,2.0174374,0.25042633,0.0050257285,0.0,0.0,0.0,0.094890177,4.8232401,6.6193556,6.6046187,0.099375016,0.042144935,0.0,0.57141273,0.014472856,0.0037174721,0.33680443,0.57523938,25.230337,0.0012004802,0.20028619,0.014558156,3.8428325,2.0977948,5.3358468,0.2313494,4.978134,348.30694,10.369432,0.0,6.3763998,0.82336073,0.011555112,0.11759166,67.006022,1.8068917,3.5940662,0.043849168,1.4300658,0.086970999,0.6665032,223.55142,71.804625,240.68304,2.2283181,3.8963312,0.36850563,13.442271,1.0051503,0.0014577259,45.88502
0.0,0.0,0.041427796,0.060512616,0.0,0.001892905,0.068567972,0.00069252078,0.11837495,0.053756504,0.0061559657,0.0011363636,0.022495213,0.0036101083,0.0,0.023299619,0.012682161,0.0011906656,0.0018038026,0.03810751,0.065166424,0.0,0.010070417,0.2140868,0.012689688,0.090878883,0.072802559,1.1573874,0.009116192,0.0567646,0.0,0.0,0.0087147896,0.0047598259,124.7656,0.081587683,0.49220328,5.5011096,0.038589981,43.62971,520.90429,384.4399,2.3112145,84.194548,54.609974,29.497534,6.3429235,0.0,10.376015,0.0059783207,12.683859,10.27426,7.6058812,26.389608,11.987969,0.52993035,27.694528,14.108265,0.77933202,16.592672,11.848848,88.809533,456.19256,106.46359,0.38863438,43.893511,4.4932402,231.91446
0.0,0.0,0.0,0.00625,0.0,0.0,0.00076628352,0.0,0.032233241,0.017850211,0.0,0.0,0.00076628352,0.0,0.0016891892,0.0,0.0,0.0,0.0,0.02886314,0.0,0.0,0.0,0.0044002476,0.0012484395,0.0,0.0072992701,0.0094202585,0.0,0.0,0.0,0.0,0.0,0.0,0.34227843,1.7075908,0.071042801,13.677515,95.7632,108.44156,2.1022458,56.023329,104.66854,4.6062994,1.2892051,145.0972,0.21314983,5.8343385,0.0,0.10353601,0.58908259,0.1919293,0.26424112,13.602698,0.35952975,8.2265999,0.38713261,151.52733,0.039214954,0.49034536,5.6781591,18.71041,10.581242,1.1739463,0.017941947,14.666484,0.25262919,6.1892695
0.0026109661,0.39946411,0.24776481,0.0,0.0,0.0,0.051891611,0.0,34.68873,0.0061152902,0.0,0.0,0.044981284,0.014497331,0.0,91.106118,0.28205711,0.012315188,0.080242627,0.0,47.446023,5.1335552,149.53727,8.348483,0.027136006,0.29457971,62.33505,19.408473,0.22536994,9.8845349,0.0041662372,0.0,0.016745319,0.038504793,0.016612828,6.0997887,0.67051064,0.0,0.0,0.0,0.11099843,0.011826539,5.0585446,0.0036630037,0.02450558,0.0,0.015567766,0.040445337,0.055884988,0.0,2.0143935,0.016149151,1.5579022,0.0027932961,139.05017,302.18578,145.29412,104.19772,0.024177521,2.7179456,225.97535,69.968893,0.3772823,2.0754459,0.0,0.0,0.090765815,1.7060883
0.0090666703,0.096066171,65.436701,0.0,0.0,0.0,0.037678271,0.013869189,0.022763745,0.0,0.0011723329,0.0,0.11301652,0.013818021,0.0,0.093077753,12.482239,0.029808365,2.5489273,0.0,0.049906622,0.16566765,1.9777166,0.064646616,0.053159377,23.671378,53.063769,0.19226655,0.022288681,0.06403622,0.0,0.0,0.0,0.22854775,2.7925585,7.9788017,216.29643,0.0056306331,0.00090497738,0.25920847,50.734018,5.7550621,2.7943432,0.072115619,9.9259029,0.12545247,0.093751976,9.2347903,0.09787038,0.94488337,0.0,3.2393992,101.79243,0.063773199,17.699368,10.530716,132.94238,5.6421023,0.0059083186,82.048619,615.43525,23.927697,3.2351756,37.133879,0.0067727845,0.012448591,0.068005916,60.652766
0.0,0.034330787,0.0400895,0.015399252,0.0014367816,0.01408243,0.010131951,0.017344141,0.037682264,0.083104474,7.1231501,0.020697905,12.614161,0.0065306221,0.0022421525,0.00081433225,0.0015941021,4.2823862,1.0013028,0.02085076,0.0,0.0,0.0061908964,0.11643902,3.0881779,9.883403,8.5950567,0.083517613,0.011847836,0.0,0.86652464,0.0046511628,0.0,0.19936769,0.77400584,2.1218868,0.038803627,0.38359547,0.0043574076,6.4105067,6.4827703,5.8542571,0.072589061,11.332962,130.40055,20.964012,33.140355,10.726437,0.47573469,0.012442253,1.5568347,0.0,58.667725,6.3554983,0.71530655,0.25439248,1.4582828,1.1436751,18.579282,217.38011,62.642062,4.8055173,5.2865466,2.4185688,3.3951117,0.45605968,0.032621157,32.474636
0.0033251979,0.18735893,1.6631511,0.010123675,0.0,0.0012048193,0.0085321039,0.0020758178,0.010576593,0.029524699,1.7879859,0.018700777,2.4264994,0.0034803106,0.0,0.040348092,2.5565158,3.8984291,12.621645,0.00079744817,0.0097882236,0.0027100271,0.18292879,0.070551406,0.66247273,53.610916,29.573506,0.1043398,0.013549985,0.0088357209,0.14670002,0.0,0.0,0.246046,1.7692119,16.818565,4.1303191,0.1992826,0.0,3.6188646,18.131614,5.2286138,2.3510721,7.3102346,43.575391,11.331452,1.2878264,9.5303617,1.1703773,0.91895132,61.88097,78.1533,0.0,4.9955789,3.3074475,7.8876314,18.261563,4.5507431,0.73980288,521.31759,498.37491,9.3397831,3.7026484,16.369664,0.122934,0.039443431,0.034906887,112.64632
0.00044208665,0.0,0.0,5.9111489,0.0,0.090384362,0.70397176,0.053516677,3.5994644,10.127192,0.0043955897,2.0873754,0.27048324,0.053245134,0.0076588301,0.0,0.0,0.00078308536,0.0030203152,6.1763898,0.0,0.0,0.0,5.9425736,0.0020790021,0.017932868,0.0081062083,6.9006051,0.28203454,0.0057536672,0.0017667845,0.0,0.027402176,0.14509323,3.441973,0.015592079,0.0,369.44731,0.010028832,86.990932,2.7495408,29.376163,42.155542,216.37355,22.186669,311.41128,2.9776543,18.798584,13.318763,0.00066357001,0.019277995,5.1378598,3.3309285,0.0,0.018132185,0.0064112128,0.03323398,89.665803,0.76500137,8.2814008,5.4170301,43.521999,50.396725,0.38850595,0.150415,0.60783353,1.2484175,43.333964
0.58609673,0.010775119,2.0553827,0.0,0.0,0.0027855153,0.31800162,0.069644081,127.88986,0.010908603,0.0,0.0,0.10012926,0.23179639,0.0029353255,82.290617,0.2837272,0.0,0.0047430348,0.014260848,169.9749,2.6938096,68.143704,52.871253,0.038726533,0.090801405,3.8703714,98.512977,1.7884442,55.13941,0.0,0.0,0.12198013,0.2717335,11.260443,0.24111941,33.454846,0.0072745095,0.0,0.2239817,137.23218,13.054664,5.6913898,0.21669438,1.6078316,0.039954603,0.02199667,16.155302,0.12447666,141.90785,27.341085,0.46687567,3.9971129,0.013358311,0.0,182.47609,977.88744,14.845134,0.013163855,3.0065768,40.704467,458.85056,15.298689,516.29012,0.0010330579,0.012142198,3.8350026,269.33138
0.022924998,1.6043066,7.5413365,0.0013020833,0.0,0.0,0.051022753,0.027892009,6.8543901,0.0,0.012392279,0.0,0.31124966,0.030559855,0.0,20.358111,1.240439,0.020661942,0.71450493,0.0,19.269076,2.7145139,25.924021,5.1557569,0.33959302,2.4020764,46.69222,6.9989914,0.16585511,3.251173,0.0055669389,0.0,0.022696937,0.12065775,0.11911961,185.70919,3.6977938,0.00097192376,0.13496431,0.046427275,2.2013378,0.17587339,97.573193,0.012277786,0.38989868,0.59399367,0.45430352,0.34894798,12.118187,156.8053,12.684656,0.21261012,9.0876742,0.002458563,34.894852,0.0,68.447045,382.32659,2.4347125,9.5545871,268.72371,54.151685,3.8876578,2.846902,0.0,0.00035688794,1.0598633,1.4495654
0.0039400494,0.89073654,68.23591,0.015877388,0.0,0.019109462,0.49189291,0.017478708,14.19107,0.029244857,0.0037265203,0.0040322581,0.094659651,0.028510971,0.0,225.0278,5.0494509,0.0019066282,0.27518465,0.021364425,46.982564,12.255359,489.35958,6.8840462,0.090898017,1.8757597,379.37219,6.5698517,0.053201008,4.3773272,0.0,0.0,0.0086319144,0.4562081,8.098671,2.9177612,394.9648,0.011011167,0.0026595745,0.71289612,286.6833,18.89448,0.72681108,0.28743898,3.2516642,0.067803341,0.10111279,24.985928,0.23180606,89.669921,137.27049,1.6357744,16.661708,0.023116841,716.22507,111.67482,0.0,22.168396,0.074470104,15.063018,677.40137,550.76827,8.5938803,138.40764,0.014440949,0.07993575,0.32624107,104.31577
0.12585079,0.00065616798,0.11907264,16.151232,0.0,0.93260149,28.046817,1.9086445,43.22357,26.554517,0.093254957,2.5981637,0.062572625,1.1225715,0.13197979,4.8490233,0.060239872,0.023721002,0.001490313,22.111939,14.280982,0.12866491,5.753729,61.918547,0.0016750419,0.045096018,0.94707818,188.44455,8.0520554,21.863474,0.0,0.016233766,1.8056133,5.713389,35.844278,30.313348,4.3481767,102.24975,1.0193756,20.12155,137.72614,22.785183,412.37321,41.246474,8.2607469,82.414416,0.91973583,17.338865,158.19826,84.242929,7.637171,2.2603172,4.6875338,52.256133,11.722283,302.34789,23.752329,0.0,0.20691647,6.2035241,174.5665,538.95555,107.52624,161.76567,0.25001628,0.061978549,18.947009,121.3615
0.0,0.076028279,0.0,0.0,0.0,0.0020001762,0.0,0.0063181307,0.0026666667,0.0,4.1769676,0.0060174186,11.8399,0.0059525211,0.0,0.0,0.0012062726,3.033527,0.55971031,0.0,0.0,0.0,0.0,0.045081873,3.8048502,7.6112791,5.3411444,0.0012360939,0.0046097491,0.0,0.49379354,0.001303781,0.0,0.066559996,0.18359414,79.715612,0.014847731,0.06032173,0.0,1.0280774,0.85862112,0.72586404,0.53972794,1.7289944,21.251691,2.7361919,166.05811,1.2119745,0.24943393,0.028794908,0.021288438,29.843116,1.4381712,1.4748605,0.016849275,6.5380956,0.37162973,0.33526413,0.0,32.318713,151.51451,0.83616991,0.93947664,0.093678428,1.8433108,0.030058347,0.0,5.9127913
0.051803611,3.0007614,14.820454,0.016878411,0.0,0.0073204589,0.073243499,0.06767234,0.015990285,0.16618856,44.743882,0.063034172,47.93703,0.19310487,0.0,0.0033066927,53.455945,52.258526,128.83398,0.028466531,0.030231496,0.040590069,0.1807427,0.14386442,13.217241,555.75145,371.76521,0.10818852,0.50810142,0.095748971,2.4033765,0.0044227898,0.0,2.422435,3.0464475,26.886774,131.79729,0.51763498,0.012835112,9.6057024,26.566796,10.344578,3.0078414,16.414337,204.03232,27.672538,95.809452,19.816269,1.423707,1.5593264,84.442669,278.51673,765.07937,12.431849,4.3126803,11.804791,20.151356,6.0069563,37.56502,0.0,1376.4015,16.1604,9.9399577,9.3227287,41.080022,0.48079363,0.038651834,141.34151
0.084272903,5.4082085,323.4673,0.0093913898,0.0036433187,0.021192597,0.74926172,0.083627263,0.26243503,0.051439428,28.119387,0.063622131,41.522624,0.23786391,0.0021694178,22.7124,78.620273,37.438199,79.258525,0.053066763,1.3290794,2.9469853,222.43501,0.5004387,10.509801,376.51968,810.24273,1.6657121,0.36516798,0.65654982,1.9509985,0.0099710969,0.0027404199,3.6765674,1.9574242,211.38763,304.8106,0.60272364,0.020110727,4.2790245,12.958429,4.835003,43.434836,7.9077036,16.22676,14.917641,115.56096,9.8183366,2.2464362,150.27712,624.18772,56.054138,507.24661,5.5503215,32.831964,226.972,590.82051,136.90577,85.53848,895.4843,0.0,71.293963,4.0223466,4.3796079,3.856148,0.24428289,0.11604552,112.27472
0.45659802,0.016479356,1.2009775,17.555658,0.0,0.97755298,28.893759,3.3180464,49.535348,38.243155,0.1213209,4.4626305,0.071800289,1.8553348,0.42426358,9.4500179,0.27509958,0.025833927,0.027227322,20.676566,37.071585,0.61797509,8.4111213,157.63346,0.0043306898,0.10173423,3.3227679,320.41001,7.8045743,57.265159,0.001270648,0.015920353,1.2028821,4.9679409,44.88344,2.0029248,31.810213,36.005348,0.054190444,292.76406,550.46258,168.09497,230.25169,233.4987,16.962225,29.496469,1.4549319,84.538719,13.161124,55.590507,28.847446,4.068031,7.9110054,28.004888,255.7023,66.4486,454.26558,455.05375,0.40739559,9.4059603,80.438298,0.0,187.64728,469.6247,0.1444348,0.45394714,28.011507,289.11439
0.0037440158,0.0021551724,0.019053062,0.31451699,0.0,0.030340449,0.56267989,0.06483685,3.2662126,0.8035937,0.010309515,0.059147813,0.00045516614,0.16416281,0.0,0.28067252,0.0065589042,0.0019544165,0.0,0.13682333,3.0567563,0.016460194,0.18482094,5.083323,0.00052576236,0.068223051,0.031280909,12.966444,0.094124998,4.3711543,0.0,0.0,0.025306792,0.61444548,250.59903,0.07131247,0.40434518,18.156366,0.36633855,38.39941,238.21136,55.404814,39.447042,234.73633,28.009389,70.912847,3.0275637,302.77349,12.522993,0.17815994,7.2264104,4.6628871,2.2384121,107.00351,19.221725,12.294622,11.702653,120.40067,0.16668817,4.773248,4.2293529,298.16311,0.0,333.07056,0.1138698,25.824127,287.97717,279.47009
0.046406328,0.0,0.15457457,0.11011482,0.0,0.014284246,3.0813472,0.23907602,20.942986,0.27667975,0.017551059,0.042767488,0.017159579,0.28011989,0.016559026,3.9064161,0.054147943,0.045192605,0.014591789,0.20276213,17.241987,0.097219318,3.3008947,19.305366,0.00086430424,0.17670875,0.15845891,52.696898,0.95860703,17.30808,0.0,0.0,0.16434262,0.47320634,154.95056,0.20443531,0.78709726,0.39961938,0.0042637998,2.0314794,605.0721,79.918645,32.386369,2.1700644,7.1817654,0.17628278,0.35643721,149.67244,0.68793061,1.2545359,66.983583,4.7861731,25.089449,0.4881618,640.82353,19.026292,219.12213,174.42053,0.029295651,9.4027917,6.0334504,575.90399,274.22516,0.0,0.026179867,0.11414028,16.494518,383.43122
0.0,0.0,0.0,0.0026455026,0.0,0.0,0.0,0.10826446,0.0,0.0044431253,0.4682545,0.0035971223,1.3436115,0.0,0.0,0.0,0.0,0.091087988,0.006640908,0.0,0.0,0.0,0.0,0.0051616082,0.35034502,0.11934463,0.37380749,0.0,0.0,0.0,0.01391317,0.0,0.0,0.0054616627,0.027319948,0.047796659,0.0,0.070618226,0.0,0.80437631,0.22337504,0.66324676,0.0029325513,1.0547326,23.729246,2.7810097,17.140522,0.68535187,0.11640416,0.0,0.0066195021,6.7036542,0.59603153,0.70636889,0.0016155089,0.0,0.020931171,0.14600834,4.1084926,32.484884,7.1840413,1.2993546,0.5175428,0.16222387,0.0,0.099119431,0.0,3.7196017
0.0,0.0,0.0,0.0,0.0,0.0,0.0,0.0,0.0067254749,0.0,0.0,0.0,0.0,0.00096432015,0.0,0.0,0.0,0.0,0.0,0.0,0.0,0.0,0.0,0.0,0.0,0.0,0.0012970169,0.0027777778,0.0,0.0,0.0,0.0,0.0,0.0,0.74548813,0.0,0.0,0.065140188,17.773587,52.772306,1.5016409,42.446657,0.013598521,1.6552327,10.990426,4.007373,1.477042,51.363959,6.2318652,0.0,0.031663474,1.1598283,0.069938274,1.1281474,0.015859562,0.0014409222,0.047070535,0.089787379,0.013024835,0.67493427,0.30180429,0.88142074,24.213483,0.13138098,0.062547497,0.0,0.004283781,66.117304
0.0006863418,0.0,0.018867925,0.059654219,0.0,0.0,0.12311383,0.0035519513,0.523278,0.04212187,0.0,0.002688172,0.0,0.017941705,0.0,0.06631139,0.0,0.0,0.0,0.0036351293,0.34064968,0.0,0.013600184,0.60543541,0.0,0.0,0.0,2.2853179,0.037131257,0.61551151,0.0,0.0,0.0017947747,0.0007518797,1.8059326,0.024987658,0.004473865,0.75738687,0.0,0.24014617,13.775029,0.23617732,7.0608134,5.553107,0.10399168,0.73655268,0.0020080321,7.2333822,0.1225139,0.14417364,0.57695032,0.047468936,0.051928767,1.2548812,4.1100315,5.1227271,1.3784238,21.431394,0.0,0.046136729,0.4475343,40.820661,201.31,15.515421,0.0,0.027493696,0.0,28.296225
0.00028677947,0.013400005,0.34921828,0.28245956,0.0,0.011006175,0.29610917,0.020002546,0.58155512,0.98728755,0.060296541,0.096683208,10.746684,0.014878988,0.0,0.12931143,0.089651903,0.037143856,0.27085195,0.16292224,0.15701546,0.0018019333,0.17862517,2.3232582,2.0281849,0.90596629,1.4246301,2.4486042,0.037639796,0.25651702,0.0028358247,0.0,0.0,0.027995542,18.699949,1.4720925,1.7059757,4.5509042,12.425345,40.554909,85.256093,103.33158,4.5854015,59.140393,148.93117,59.09237,16.59828,98.260196,9.1818427,0.81068472,77.97328,26.90857,152.82898,22.548512,193.94375,2.8671524,134.79049,53.56503,1.9906352,99.98094,155.17927,177.97926,107.30884,192.59829,0.61800664,25.495074,14.883909,0.0
